{"cameraMode":{"drawMode":0,"name":"Shaded","section":"Shading Mode"},"sceneLighting":true,"audioPlay":false,"sceneViewState":{"showFog":true,"showMaterialUpdate":false,"showSkybox":true,"showFlares":true,"showImageEffects":true,"showParticleSystems":true},"in2DMode":false,"pivot":{"x":0.11107921600341797,"y":2.911958932876587,"z":0.6740082502365112},"rotation":{"x":0.14269980788230897,"y":-0.38427671790122988,"z":0.06002712622284889,"w":0.9104529023170471},"size":3.206719160079956,"orthographic":false}